{
  "results": {
    "Random Forest": {
      "f1": {
        "mean": 0.5634279386312395,
        "std": 0.0160438162141883
      },
      "auc_pr": {
        "mean": 0.6480830155972185,
        "std": 0.04360999223818964
      },
      "mcc": {
        "mean": 0.546942169131944,
        "std": 0.018198051113462604
      },
      "precision": {
        "mean": 0.4163588797460497,
        "std": 0.014511897301605443
      },
      "recall": {
        "mean": 0.8715200931857892,
        "std": 0.017847268235568845
      },
      "train_time": {
        "mean": 0.6494814872741699,
        "std": 0.023677997793603616
      },
      "category": "Supervised"
    },
    "SVM (RBF)": {
      "f1": {
        "mean": 0.5337852154911382,
        "std": 0.01619945191709735
      },
      "auc_pr": {
        "mean": 0.5294784115485426,
        "std": 0.03647319922726392
      },
      "mcc": {
        "mean": 0.5224658191338306,
        "std": 0.020183106700003284
      },
      "precision": {
        "mean": 0.3810150239468837,
        "std": 0.01251477615413991
      },
      "recall": {
        "mean": 0.8912638322655795,
        "std": 0.025187920149199843
      },
      "train_time": {
        "mean": 0.8713108539581299,
        "std": 0.06497908925647139
      },
      "category": "Supervised"
    },
    "Neural Network (MLP)": {
      "f1": {
        "mean": 0.5763269630260119,
        "std": 0.018166662123543387
      },
      "auc_pr": {
        "mean": 0.6843516095679896,
        "std": 0.03269568491600501
      },
      "mcc": {
        "mean": 0.5554642376726248,
        "std": 0.016833324253963985
      },
      "precision": {
        "mean": 0.43667998408236103,
        "std": 0.02268680565877099
      },
      "recall": {
        "mean": 0.8497379149679674,
        "std": 0.01958495620557188
      },
      "train_time": {
        "mean": 0.7511123180389404,
        "std": 0.05585084501490133
      },
      "category": "Supervised"
    },
    "Gradient Boosting": {
      "f1": {
        "mean": 0.5802423786594356,
        "std": 0.014964455761288275
      },
      "auc_pr": {
        "mean": 0.6309116451029015,
        "std": 0.03031213395218739
      },
      "mcc": {
        "mean": 0.5616220014522926,
        "std": 0.015569007872430233
      },
      "precision": {
        "mean": 0.43707629733536474,
        "std": 0.01574031276089203
      },
      "recall": {
        "mean": 0.8635993011065812,
        "std": 0.013455589123535148
      },
      "train_time": {
        "mean": 11.708213186264038,
        "std": 0.04252833137523975
      },
      "category": "Supervised"
    },
    "Naive Bayes": {
      "f1": {
        "mean": 0.4938501694377101,
        "std": 0.0041070530744643785
      },
      "auc_pr": {
        "mean": 0.5207416796557661,
        "std": 0.04808299245161465
      },
      "mcc": {
        "mean": 0.4780154694992243,
        "std": 0.005412272801664781
      },
      "precision": {
        "mean": 0.34632381451508454,
        "std": 0.006661419406378573
      },
      "recall": {
        "mean": 0.8616967579110852,
        "std": 0.025586822714874932
      },
      "train_time": {
        "mean": 0.0009994029998779297,
        "std": 1.9411665304438512e-05
      },
      "category": "Supervised"
    },
    "AdaBoost-Voting Ensemble": {
      "f1": {
        "mean": 0.5594512975478831,
        "std": 0.009092201101225866
      },
      "auc_pr": {
        "mean": 0.5870318451574349,
        "std": 0.03722541746706973
      },
      "mcc": {
        "mean": 0.5466119706146039,
        "std": 0.010257541220105418
      },
      "precision": {
        "mean": 0.40817238320584714,
        "std": 0.008833842563792767
      },
      "recall": {
        "mean": 0.889303047951854,
        "std": 0.014714206106511727
      },
      "train_time": {
        "mean": 6.05186014175415,
        "std": 0.10130971541945441
      },
      "category": "Hybrid"
    },
    "K-Means": {
      "category": "Unsupervised",
      "silhouette_score": 0.3947299225610242,
      "fraud_concentration": 0.0533596837944664,
      "anomalous_cluster_pct": 0.009426987060998152
    },
    "AIS (Negative Selection)": {
      "category": "Unsupervised",
      "recall": 0.5118577075098815,
      "precision": 0.3453333333333333,
      "false_positive_rate": 0.10012234910277325
    },
    "_dataset": "Kaggle_Medicare"
  },
  "shap": {
    "feature_importance": {
      "total_reimbursement": 1.8731246707811644,
      "std_claim_duration": 0.42189917804659177,
      "mean_claim_duration": 0.3543339757304488,
      "claims_per_patient": 0.266285849589274,
      "total_claims": 0.2530417837877331,
      "std_reimbursement": 0.2477964322837602,
      "unique_patients": 0.2352490438165484,
      "mean_deductible": 0.15199933699102972,
      "mean_chronic_conditions": 0.13494491190114657,
      "mean_age": 0.1251812320170114
    },
    "method": "SHAP TreeExplainer"
  },
  "timestamp": "2026-06-28T02:06:43.888142"
}