{
  "results": {
    "Random Forest": {
      "f1": {
        "mean": 0.5300156227549669,
        "std": 0.010494471309338414
      },
      "auc_pr": {
        "mean": 0.8116739680503876,
        "std": 0.010223869903307809
      },
      "mcc": {
        "mean": 0.5464337260154614,
        "std": 0.009444528197242591
      },
      "precision": {
        "mean": 0.3932395284040845,
        "std": 0.012398653718769729
      },
      "recall": {
        "mean": 0.81375,
        "std": 0.018178799465311226
      },
      "train_time": {
        "mean": 5.259992885589599,
        "std": 0.09393782713730588
      },
      "category": "Supervised"
    },
    "SVM (RBF)": {
      "f1": {
        "mean": 0.44333653282723307,
        "std": 0.00797206180372226
      },
      "auc_pr": {
        "mean": 0.768795184180199,
        "std": 0.01385418885215712
      },
      "mcc": {
        "mean": 0.4982485697453748,
        "std": 0.005916416542996202
      },
      "precision": {
        "mean": 0.29042718124100786,
        "std": 0.007872686263203107
      },
      "recall": {
        "mean": 0.9375,
        "std": 0.01723006094011278
      },
      "train_time": {
        "mean": 65.34292678833008,
        "std": 4.067526026982568
      },
      "category": "Supervised"
    },
    "Neural Network (MLP)": {
      "f1": {
        "mean": 0.5936961941311935,
        "std": 0.012637191248247089
      },
      "auc_pr": {
        "mean": 0.804639810058988,
        "std": 0.013737237533993012
      },
      "mcc": {
        "mean": 0.5938367859380554,
        "std": 0.011282572145708858
      },
      "precision": {
        "mean": 0.4864866051815448,
        "std": 0.02483331993127669
      },
      "recall": {
        "mean": 0.765,
        "std": 0.03231920868461974
      },
      "train_time": {
        "mean": 9.752213191986083,
        "std": 1.4662736894627004
      },
      "category": "Supervised"
    },
    "Gradient Boosting": {
      "f1": {
        "mean": 0.6723325245531979,
        "std": 0.005085121450935424
      },
      "auc_pr": {
        "mean": 0.8149471613663806,
        "std": 0.010511376069766319
      },
      "mcc": {
        "mean": 0.6627852715872304,
        "std": 0.0050088580127616395
      },
      "precision": {
        "mean": 0.6282084732012003,
        "std": 0.019184071489219526
      },
      "recall": {
        "mean": 0.724375,
        "std": 0.020290853850934914
      },
      "train_time": {
        "mean": 129.39777946472168,
        "std": 0.45809593748555777
      },
      "category": "Supervised"
    },
    "Naive Bayes": {
      "f1": {
        "mean": 0.39268105579396756,
        "std": 0.0038642859467999126
      },
      "auc_pr": {
        "mean": 0.6832324956074668,
        "std": 0.013157457756394705
      },
      "mcc": {
        "mean": 0.4572877112628805,
        "std": 0.002945110419378637
      },
      "precision": {
        "mean": 0.2478067984844096,
        "std": 0.003313201844173322
      },
      "recall": {
        "mean": 0.945625,
        "std": 0.007015607600201171
      },
      "train_time": {
        "mean": 0.011957693099975585,
        "std": 0.0010846563845906306
      },
      "category": "Supervised"
    },
    "AdaBoost-Voting Ensemble": {
      "f1": {
        "mean": 0.4974250299072868,
        "std": 0.008836612729096728
      },
      "auc_pr": {
        "mean": 0.8072514335997788,
        "std": 0.014210618789409575
      },
      "mcc": {
        "mean": 0.526830439061019,
        "std": 0.004669596160246772
      },
      "precision": {
        "mean": 0.3510889392545504,
        "std": 0.012242468584485378
      },
      "recall": {
        "mean": 0.8550000000000001,
        "std": 0.021341713848704827
      },
      "train_time": {
        "mean": 120.80630917549134,
        "std": 3.616716235873454
      },
      "category": "Hybrid"
    },
    "K-Means": {
      "category": "Unsupervised",
      "silhouette_score": 0.1376874076568611,
      "fraud_concentration": 0.625,
      "anomalous_cluster_pct": 0.0419
    },
    "AIS (Negative Selection)": {
      "category": "Unsupervised",
      "recall": 0.83625,
      "precision": 0.2165749433473616,
      "false_positive_rate": 0.1
    },
    "_dataset": "Synthetic"
  },
  "shap": {
    "feature_importance": {
      "provider_claim_count": 1.7970047982904613,
      "provider_std_amount": 0.8167006145742746,
      "amount_fair_ratio": 0.5012921277445537,
      "provider_mean_amount": 0.3898828488637638,
      "specialty_deviation": 0.24861439692685605,
      "severity_amount_ratio": 0.08765812868701052,
      "amount": 0.08415418771999006,
      "patient_age": 0.060338339865507774,
      "region_enc": 0.03538974062065071,
      "num_procedures": 0.033119264063394
    },
    "method": "SHAP TreeExplainer"
  },
  "timestamp": "2026-06-28T02:04:38.112573"
}